{"num_leaves": 7, "max_depth": 6, "learning_rate": 0.0678262606477337, "n_estimators": 611, "min_child_samples": 64, "subsample": 0.6296178606936361, "colsample_bytree": 0.6792328642721364, "reg_alpha": 0.0029072088906598446, "reg_lambda": 2.8340904295147746}